stockSymbol, buyingPrice, buyingDate, sellingPrice, sellingDate, quantity, PnL, ReturnOnEquity, isTradeActive
ACC,1096.6,2013-11-29 05:30:00.0,1351.15,2014-04-03 05:30:00.0,9.119096,2321.2666,23.212666,false
ACC,1480.4,2015-07-03 05:30:00.0,1786.05,2017-09-20 05:30:00.0,6.754931,2064.6445,20.646446,false
ACC,1475.5,2018-07-24 05:30:00.0,1143.3,2020-03-12 05:30:00.0,6.777364,-2251.4395,-22.514393,false
ACC,1207.95,2020-05-13 05:30:00.0,1664.75,2020-11-25 05:30:00.0,8.278489,3781.6143,37.81614,false
ABBOTINDIA,1364.15,2013-11-03 05:30:00.0,1649.65,2014-01-02 05:30:00.0,7.330572,2092.879,20.92879,false
ABBOTINDIA,4751.7,2016-05-27 05:30:00.0,6171.75,2018-04-18 05:30:00.0,2.1045098,2988.5088,29.885088,false
ABBOTINDIA,7401.7,2019-05-17 05:30:00.0,11480.45,2019-11-06 05:30:00.0,1.351041,5510.5586,55.105587,false
ADANIPORTS,228.25,2016-03-08 05:30:00.0,171.55,2016-05-19 05:30:00.0,43.81161,-2484.1182,-24.84118,false
ADANIPORTS,213.25,2016-07-04 05:30:00.0,261.75,2016-08-25 05:30:00.0,46.89332,2274.3262,22.743263,false
ADANIPORTS,392.15,2018-05-31 05:30:00.0,301.8,2018-10-05 05:30:00.0,25.500446,-2303.9658,-23.039658,false
ADANIPORTS,346.2,2018-11-15 05:30:00.0,261.4,2020-03-16 05:30:00.0,28.885036,-2449.4517,-24.494516,false
ADANIPORTS,309.35,2020-05-13 05:30:00.0,375.85,2020-11-20 05:30:00.0,32.325844,2149.669,21.496689,false
ADANITRANS,32.15,2016-06-07 05:30:00.0,38.95,2016-07-28 05:30:00.0,311.04196,2115.085,21.15085,false
ADANITRANS,164.0,2018-06-22 05:30:00.0,217.95,2018-09-03 05:30:00.0,60.97561,3289.6338,32.896336,false
ADANITRANS,210.2,2019-01-28 05:30:00.0,286.85,2019-11-08 05:30:00.0,47.57374,3646.5273,36.465275,false
ADANITRANS,197.8,2020-06-10 05:30:00.0,254.8,2020-07-07 05:30:00.0,50.556118,2881.6992,28.816994,false
AMBUJACEM,169.5,2014-03-05 05:30:00.0,200.1,2014-04-28 05:30:00.0,58.99705,1805.3105,18.053106,false
AMBUJACEM,203.3,2015-12-24 05:30:00.0,260.45,2016-08-10 05:30:00.0,49.188393,2811.1172,28.111172,false
AMBUJACEM,217.55,2017-01-18 05:30:00.0,263.35,2017-08-11 05:30:00.0,45.966442,2105.2627,21.052626,false
AMBUJACEM,247.6,2018-04-23 05:30:00.0,190.55,2018-07-16 05:30:00.0,40.387722,-2304.1196,-23.041197,false
AMBUJACEM,212.65,2018-07-24 05:30:00.0,159.65,2020-03-18 05:30:00.0,47.02563,-2492.3584,-24.923584,false
AMBUJACEM,183.0,2020-05-13 05:30:00.0,248.0,2020-11-06 05:30:00.0,54.64481,3551.913,35.51913,false
ASIANPAINT,484.85,2014-03-10 05:30:00.0,653.9,2014-09-10 05:30:00.0,20.624935,3486.6455,34.866455,false
ASIANPAINT,960.15,2017-01-17 05:30:00.0,1174.0,2017-09-26 05:30:00.0,10.415039,2227.2559,22.27256,false
ASIANPAINT,1150.15,2018-04-02 05:30:00.0,1418.4,2018-08-02 05:30:00.0,8.694518,2332.3047,23.323048,false
ASIANPAINT,1683.1,2020-05-29 05:30:00.0,2154.65,2020-11-03 05:30:00.0,5.9414177,2801.6748,28.016747,false
AUROPHARMA,787.5,2015-10-09 05:30:00.0,588.85,2016-02-25 05:30:00.0,12.698413,-2522.54,-25.2254,false
AUROPHARMA,752.4,2016-03-23 05:30:00.0,584.65,2017-05-03 05:30:00.0,13.290802,-2229.5322,-22.295322,false
AUROPHARMA,643.9,2017-06-15 05:30:00.0,774.7,2018-11-13 05:30:00.0,15.530361,2031.3711,20.313711,false
AUROPHARMA,600.7,2019-08-30 05:30:00.0,459.85,2019-10-07 05:30:00.0,16.647245,-2344.7651,-23.447649,false
AUROPHARMA,463.1,2019-12-27 05:30:00.0,504.0,2020-02-24 05:30:00.0,21.593609,883.1787,8.831787,false
AUROPHARMA,503.2,2020-04-13 05:30:00.0,624.45,2020-04-24 05:30:00.0,19.872814,2409.579,24.09579,false
DMART,1421.35,2018-11-21 05:30:00.0,1860.6,2019-09-30 05:30:00.0,7.035565,3090.372,30.903723,false
AXISBANK,1097.1,2013-11-14 05:30:00.0,1354.9,2014-03-14 05:30:00.0,9.11494,2349.832,23.49832,false
AXISBANK,558.05,2015-03-24 05:30:00.0,431.35,2015-12-14 05:30:00.0,17.919542,-2270.4053,-22.704054,false
AXISBANK,417.15,2016-03-03 05:30:00.0,538.05,2016-07-21 05:30:00.0,23.972193,2898.2383,28.982382,false
AXISBANK,472.8,2017-01-13 05:30:00.0,593.75,2018-01-30 05:30:00.0,21.150593,2558.164,25.58164,false
AXISBANK,532.55,2018-07-10 05:30:00.0,697.5,2019-02-13 05:30:00.0,18.77758,3097.3623,30.973621,false
AXISBANK,700.6,2019-09-27 05:30:00.0,543.25,2020-03-12 05:30:00.0,14.27348,-2245.9316,-22.459316,false
AXISBANK,430.25,2020-06-08 05:30:00.0,582.5,2020-12-21 05:30:00.0,23.242302,3538.6406,35.386406,false
BAJAJ-AUTO,1920.9,2014-02-26 05:30:00.0,2305.05,2014-09-29 05:30:00.0,5.205893,1999.8438,19.998438,false
BAJAJ-AUTO,2123.05,2015-05-08 05:30:00.0,2886.95,2016-09-20 05:30:00.0,4.7102046,3598.125,35.98125,false
BAJAJ-AUTO,2896.55,2018-06-01 05:30:00.0,2169.0,2020-03-18 05:30:00.0,3.452383,-2511.7812,-25.117813,false
BAJAJ-AUTO,2623.3,2020-04-30 05:30:00.0,3238.25,2020-12-21 05:30:00.0,3.8119924,2344.1846,23.441845,false
BAJFINANCE,917.7,2017-01-16 05:30:00.0,1285.7,2017-04-27 05:30:00.0,10.896807,4010.0234,40.100235,false
BAJFINANCE,2507.25,2020-06-08 05:30:00.0,3208.05,2020-07-08 05:30:00.0,3.9884336,2795.0947,27.950947,false
BAJAJFINSV,1765.45,2016-04-06 05:30:00.0,2614.15,2016-07-27 05:30:00.0,5.6642785,4807.2734,48.072735,false
BAJAJFINSV,5849.9,2018-12-07 05:30:00.0,7593.05,2019-07-08 05:30:00.0,1.7094309,2979.794,29.797941,false
BAJAJFINSV,5236.4,2020-06-05 05:30:00.0,6243.45,2020-07-14 05:30:00.0,1.909709,1923.1729,19.231728,false
BAJAJHLDNG,1325.5,2015-05-22 05:30:00.0,1575.1,2015-08-26 05:30:00.0,7.544323,1883.0625,18.830626,false
BAJAJHLDNG,1468.5,2016-03-31 05:30:00.0,1788.2,2016-08-02 05:30:00.0,6.8096695,2177.0508,21.770508,false
BAJAJHLDNG,2705.65,2018-04-30 05:30:00.0,3416.55,2019-03-29 05:30:00.0,3.6959696,2627.4648,26.27465,false
BAJAJHLDNG,2188.2,2020-06-02 05:30:00.0,2682.7,2020-06-25 05:30:00.0,4.5699663,2259.8486,22.598486,false
BAJAJHLDNG,2523.25,2020-11-10 05:30:00.0,3092.9,2020-11-24 05:30:00.0,3.9631429,2257.6045,22.576046,false
BANDHANBNK,477.15,2019-02-13 05:30:00.0,571.25,2019-05-08 05:30:00.0,20.957771,1972.127,19.72127,false
BANDHANBNK,496.95,2019-09-20 05:30:00.0,583.6,2019-10-16 05:30:00.0,20.122747,1743.6348,17.436346,false
BANDHANBNK,247.7,2020-06-05 05:30:00.0,331.35,2020-06-24 05:30:00.0,40.371418,3377.0693,33.770695,false
BANDHANBNK,307.5,2020-08-07 05:30:00.0,374.3,2020-12-21 05:30:00.0,32.520325,2172.3574,21.723576,false
BANKBARODA,156.25,2015-07-17 05:30:00.0,201.1,2015-08-20 05:30:00.0,64.0,2870.4004,28.704002,false
BANKBARODA,145.25,2016-03-02 05:30:00.0,168.8,2017-02-13 05:30:00.0,68.84682,1621.3428,16.213428,false
BANKBARODA,150.4,2018-04-06 05:30:00.0,116.8,2018-06-25 05:30:00.0,66.489365,-2234.042,-22.34042,false
BANKBARODA,132.55,2018-07-24 05:30:00.0,99.5,2018-09-28 05:30:00.0,75.44323,-2493.3984,-24.933985,false
BANKBARODA,109.05,2018-12-11 05:30:00.0,133.25,2019-05-31 05:30:00.0,91.70105,2219.165,22.19165,false
BANKBARODA,95.55,2019-10-30 05:30:00.0,71.15,2020-03-02 05:30:00.0,104.65724,-2553.6372,-25.536371,false
BANKBARODA,47.05,2020-06-19 05:30:00.0,63.1,2020-12-18 05:30:00.0,212.53986,3411.2646,34.112648,false
BERGEPAINT,213.75,2014-03-24 05:30:00.0,256.05,2014-06-16 05:30:00.0,46.783627,1978.9473,19.789473,false
BERGEPAINT,225.05,2015-04-08 05:30:00.0,173.15,2015-06-16 05:30:00.0,44.43457,-2306.1543,-23.061544,false
BERGEPAINT,207.05,2015-07-06 05:30:00.0,253.65,2016-01-06 05:30:00.0,48.297512,2250.664,22.506641,false
BERGEPAINT,225.55,2017-01-09 05:30:00.0,271.55,2018-05-04 05:30:00.0,44.336067,2039.459,20.39459,false
BPCL,340.0,2013-11-29 05:30:00.0,428.1,2014-03-21 05:30:00.0,29.411764,2591.1768,25.911768,false
BPCL,864.85,2016-03-17 05:30:00.0,545.6,2016-07-13 05:30:00.0,11.562699,-3691.3916,-36.913914,false
BPCL,627.75,2016-10-03 05:30:00.0,458.55,2017-07-13 05:30:00.0,15.929909,-2695.3403,-26.953403,false
BPCL,498.4,2017-10-16 05:30:00.0,376.55,2018-04-19 05:30:00.0,20.064205,-2444.8237,-24.448238,false
BPCL,410.0,2018-06-06 05:30:00.0,265.3,2018-10-05 05:30:00.0,24.390244,-3529.2686,-35.292683,false
BPCL,327.35,2018-11-26 05:30:00.0,397.05,2019-06-06 05:30:00.0,30.548342,2129.2188,21.292187,false
BPCL,342.8,2020-05-29 05:30:00.0,419.1,2020-07-30 05:30:00.0,29.17153,2225.788,22.257881,false
BHARTIARTL,310.7,2014-03-27 05:30:00.0,399.7,2014-10-08 05:30:00.0,32.185387,2864.499,28.64499,false
BHARTIARTL,367.95,2015-03-10 05:30:00.0,514.35,2017-11-07 05:30:00.0,27.177605,3978.8008,39.788006,false
BHARTIARTL,419.85,2018-04-25 05:30:00.0,326.75,2018-10-01 05:30:00.0,23.81803,-2217.459,-22.174591,false
BHARTIARTL,336.85,2018-11-19 05:30:00.0,426.3,2019-11-21 05:30:00.0,29.686804,2655.4844,26.554844,false
INFRATEL,317.15,2018-07-11 05:30:00.0,691.25,2019-01-03 05:30:00.0,31.530823,11795.682,117.95681,false
INFRATEL,189.6,2020-05-12 05:30:00.0,751.85,2020-09-24 05:30:00.0,52.742615,29654.535,296.54535,false
BIOCON,450.4,2015-02-13 05:30:00.0,734.5,2016-07-05 05:30:00.0,22.202486,6307.7256,63.077255,false
BIOCON,356.9,2017-09-18 05:30:00.0,607.45,2018-01-25 05:30:00.0,28.019053,7020.174,70.20174,false
BIOCON,233.5,2019-10-09 05:30:00.0,283.0,2020-01-08 05:30:00.0,42.826553,2119.915,21.19915,false
BOSCHLTD,8695.4,2013-11-29 05:30:00.0,10226.85,2014-04-04 05:30:00.0,1.1500334,1761.2178,17.612179,false
BOSCHLTD,17932.95,2016-03-09 05:30:00.0,24548.3,2016-08-12 05:30:00.0,0.55763274,3688.9365,36.889366,false
BOSCHLTD,21049.95,2016-12-30 05:30:00.0,16259.5,2019-06-19 05:30:00.0,0.47506052,-2275.7534,-22.757534,false
BOSCHLTD,14807.2,2019-09-23 05:30:00.0,11309.5,2020-03-12 05:30:00.0,0.6753471,-2362.162,-23.621622,false
BOSCHLTD,10309.25,2020-06-01 05:30:00.0,12995.3,2020-07-15 05:30:00.0,0.97000265,2605.4756,26.054756,false
BRITANNIA,2841.7,2016-03-01 05:30:00.0,3555.45,2017-05-18 05:30:00.0,3.5190203,2511.7002,25.117002,false
BRITANNIA,3133.45,2019-03-11 05:30:00.0,2393.5,2019-08-20 05:30:00.0,3.1913705,-2361.4546,-23.614546,false
BRITANNIA,2867.0,2019-09-20 05:30:00.0,2137.85,2020-03-23 05:30:00.0,3.4879665,-2543.2505,-25.432505,false
CADILAHC,684.2,2013-11-01 05:30:00.0,860.15,2014-01-13 05:30:00.0,14.615609,2571.6162,25.716162,false
CADILAHC,337.95,2016-03-04 05:30:00.0,405.45,2016-11-02 05:30:00.0,29.590176,1997.3369,19.97337,false
CADILAHC,452.0,2018-01-08 05:30:00.0,343.05,2018-05-22 05:30:00.0,22.123894,-2410.3984,-24.103985,false
CADILAHC,393.8,2018-06-13 05:30:00.0,303.85,2019-05-03 05:30:00.0,25.393602,-2284.1538,-22.841537,false
CADILAHC,236.05,2019-09-05 05:30:00.0,339.1,2020-04-15 05:30:00.0,42.363907,4365.6016,43.656017,false
CIPLA,402.25,2014-01-13 05:30:00.0,584.3,2014-09-23 05:30:00.0,24.86016,4525.792,45.25792,false
CIPLA,660.95,2015-08-27 05:30:00.0,513.95,2016-02-24 05:30:00.0,15.129737,-2224.0718,-22.240717,false
CIPLA,540.5,2016-04-26 05:30:00.0,412.65,2019-10-01 05:30:00.0,18.501389,-2365.4033,-23.65403,false
CIPLA,473.05,2019-10-29 05:30:00.0,570.15,2020-05-12 05:30:00.0,21.139416,2052.6387,20.526388,false
COALINDIA,281.15,2013-10-29 05:30:00.0,366.5,2014-05-20 05:30:00.0,35.568203,3035.746,30.357462,false
COALINDIA,342.2,2015-11-06 05:30:00.0,261.75,2017-05-24 05:30:00.0,29.222675,-2350.9648,-23.50965,false
COALINDIA,262.35,2017-07-21 05:30:00.0,199.55,2019-07-30 05:30:00.0,38.11702,-2393.7485,-23.937487,false
COALINDIA,199.4,2019-10-17 05:30:00.0,154.55,2020-03-12 05:30:00.0,50.15045,-2249.2476,-22.492476,false
COLPAL,1283.55,2013-10-22 05:30:00.0,1565.75,2014-07-09 05:30:00.0,7.790892,2198.5889,21.98589,false
COLPAL,846.15,2016-04-18 05:30:00.0,1088.7,2017-07-07 05:30:00.0,11.818235,2866.5127,28.665129,false
COLPAL,1124.75,2018-10-22 05:30:00.0,1446.0,2019-10-04 05:30:00.0,8.890864,2856.1895,28.561893,false
CONCOR,729.95,2013-12-31 05:30:00.0,931.65,2014-04-03 05:30:00.0,13.699568,2763.2031,27.63203,false
CONCOR,1420.75,2015-11-24 05:30:00.0,1104.9,2016-02-03 05:30:00.0,7.038536,-2223.121,-22.23121,false
CONCOR,1236.85,2016-03-04 05:30:00.0,623.9,2018-06-26 05:30:00.0,8.085055,-4955.735,-49.557346,false
CONCOR,643.7,2018-09-21 05:30:00.0,489.0,2019-02-13 05:30:00.0,15.535187,-2403.2935,-24.032934,false
CONCOR,513.55,2019-05-02 05:30:00.0,394.65,2020-03-11 05:30:00.0,19.472301,-2315.2563,-23.152565,false
DLF,148.75,2013-11-18 05:30:00.0,204.3,2014-05-26 05:30:00.0,67.22689,3734.454,37.34454,false
DLF,152.15,2014-11-26 05:30:00.0,116.9,2015-05-26 05:30:00.0,65.72462,-2316.792,-23.167921,false
DLF,115.05,2015-07-31 05:30:00.0,81.3,2016-02-11 05:30:00.0,86.91873,-2933.5068,-29.33507,false
DLF,107.8,2016-03-02 05:30:00.0,130.4,2016-06-13 05:30:00.0,92.76437,2096.4736,20.964735,false
DLF,196.3,2018-07-31 05:30:00.0,149.25,2018-10-05 05:30:00.0,50.942432,-2396.8418,-23.968418,false
DLF,182.8,2018-11-21 05:30:00.0,142.45,2019-10-10 05:30:00.0,54.704594,-2207.3306,-22.073307,false
DLF,168.85,2019-10-18 05:30:00.0,228.9,2020-02-01 05:30:00.0,59.224163,3556.4102,35.5641,false
DLF,150.65,2020-05-29 05:30:00.0,181.95,2020-11-20 05:30:00.0,66.37903,2077.664,20.77664,false
DABUR,253.1,2016-03-21 05:30:00.0,304.4,2016-06-29 05:30:00.0,39.510075,2026.8662,20.268663,false
DABUR,281.65,2017-01-13 05:30:00.0,339.1,2018-02-05 05:30:00.0,35.505062,2039.7656,20.397654,false
DABUR,408.8,2019-06-03 05:30:00.0,483.15,2020-03-09 05:30:00.0,24.46184,1818.7373,18.187374,false
DIVISLAB,991.15,2013-10-29 05:30:00.0,1268.65,2014-01-30 05:30:00.0,10.08929,2799.7773,27.997774,false
DIVISLAB,1144.2,2016-01-27 05:30:00.0,861.5,2016-12-23 05:30:00.0,8.739731,-2470.7217,-24.707216,false
DIVISLAB,771.2,2017-03-16 05:30:00.0,595.25,2017-05-22 05:30:00.0,12.9668045,-2281.5098,-22.815098,false
DIVISLAB,645.8,2017-06-07 05:30:00.0,833.9,2017-09-18 05:30:00.0,15.484671,2912.667,29.126669,false
DRREDDY,2507.6,2014-06-26 05:30:00.0,2966.2,2014-10-08 05:30:00.0,3.9878767,1828.8398,18.288399,false
DRREDDY,3109.1,2016-02-05 05:30:00.0,2414.4,2017-05-26 05:30:00.0,3.2163649,-2234.4092,-22.344091,false
DRREDDY,2636.25,2017-06-08 05:30:00.0,2048.35,2017-08-09 05:30:00.0,3.793267,-2230.061,-22.300611,false
DRREDDY,2486.55,2017-09-21 05:30:00.0,1893.05,2018-05-21 05:30:00.0,4.0216365,-2386.8408,-23.868408,false
DRREDDY,2132.75,2018-07-26 05:30:00.0,2641.2,2018-12-06 05:30:00.0,4.688782,2384.0117,23.840117,false
DRREDDY,2602.7,2019-09-04 05:30:00.0,3176.3,2020-02-24 05:30:00.0,3.842164,2203.8662,22.038662,false
EICHERMOT,17370.85,2016-01-01 05:30:00.0,21368.4,2016-08-03 05:30:00.0,0.5756771,2301.2988,23.012987,false
EICHERMOT,28316.9,2018-03-12 05:30:00.0,21907.85,2018-10-04 05:30:00.0,0.353146,-2263.331,-22.63331,false
EICHERMOT,23722.0,2018-12-12 05:30:00.0,18433.7,2019-07-17 05:30:00.0,0.42154962,-2229.2812,-22.292812,false
EICHERMOT,17860.2,2019-09-20 05:30:00.0,21740.7,2019-11-04 05:30:00.0,0.55990416,2172.708,21.72708,false
EICHERMOT,14966.95,2020-05-27 05:30:00.0,18850.15,2020-07-14 05:30:00.0,0.6681388,2594.5166,25.945166,false
GAIL,410.4,2015-04-08 05:30:00.0,311.35,2015-08-21 05:30:00.0,24.366472,-2413.4985,-24.134987,false
GAIL,318.9,2015-10-12 05:30:00.0,388.75,2016-09-08 05:30:00.0,31.357794,2190.3428,21.903429,false
GAIL,405.45,2017-05-30 05:30:00.0,494.35,2018-01-02 05:30:00.0,24.663954,2192.626,21.92626,false
GAIL,338.1,2018-06-18 05:30:00.0,147.1,2019-07-09 05:30:00.0,29.577047,-5649.2163,-56.49216,false
GAIL,132.1,2019-10-09 05:30:00.0,99.65,2020-03-02 05:30:00.0,75.700226,-2456.4722,-24.564722,false
GAIL,88.15,2020-05-26 05:30:00.0,114.7,2020-12-21 05:30:00.0,113.44299,3011.9111,30.119112,false
GICRE,250.45,2019-03-06 05:30:00.0,190.85,2019-07-31 05:30:00.0,39.92813,-2379.7158,-23.797157,false
GICRE,203.95,2019-09-26 05:30:00.0,260.1,2019-10-22 05:30:00.0,49.031628,2753.127,27.53127,false
GODREJCP,804.0,2014-02-21 05:30:00.0,1040.45,2014-09-04 05:30:00.0,12.437811,2940.92,29.4092,false
GODREJCP,955.95,2017-09-19 05:30:00.0,1345.15,2018-09-05 05:30:00.0,10.460798,4071.3428,40.71343,false
GODREJCP,775.85,2018-12-12 05:30:00.0,598.4,2019-07-30 05:30:00.0,12.88909,-2287.1685,-22.871685,false
GODREJCP,638.25,2019-09-16 05:30:00.0,483.05,2020-03-19 05:30:00.0,15.667842,-2431.649,-24.316488,false
GODREJCP,564.45,2020-05-14 05:30:00.0,695.35,2020-07-08 05:30:00.0,17.71636,2319.0703,23.190702,false
GRASIM,2659.35,2013-11-29 05:30:00.0,3577.8,2014-06-10 05:30:00.0,3.7603173,3453.663,34.536633,false
GRASIM,3560.75,2015-07-06 05:30:00.0,4843.5,2016-08-10 05:30:00.0,2.808397,3602.4707,36.024708,false
GRASIM,865.1,2017-01-18 05:30:00.0,1058.3,2017-03-24 05:30:00.0,11.559358,2233.2686,22.332685,false
GRASIM,1119.55,2017-06-12 05:30:00.0,857.35,2018-10-22 05:30:00.0,8.932159,-2342.0132,-23.420132,false
GRASIM,791.75,2019-03-01 05:30:00.0,559.85,2020-03-12 05:30:00.0,12.630249,-2928.9556,-29.289557,false
GRASIM,566.65,2020-05-27 05:30:00.0,700.15,2020-09-07 05:30:00.0,17.647577,2355.9521,23.559523,false
HCLTECH,938.1,2015-06-24 05:30:00.0,728.4,2016-05-03 05:30:00.0,10.659844,-2235.3691,-22.353691,false
HCLTECH,740.4,2016-07-25 05:30:00.0,869.05,2017-10-26 05:30:00.0,13.506212,1737.5732,17.375732,false
HCLTECH,543.55,2020-04-30 05:30:00.0,694.4,2020-08-31 05:30:00.0,18.397572,2775.2744,27.752745,false
HDFCBANK,642.2,2013-11-14 05:30:00.0,812.4,2014-06-26 05:30:00.0,15.571473,2650.2656,26.502657,false
HDFCBANK,1030.45,2016-03-16 05:30:00.0,1237.7,2016-10-17 05:30:00.0,9.704498,2011.2568,20.112568,false
HDFCBANK,1260.6,2020-01-07 05:30:00.0,975.1,2020-03-17 05:30:00.0,7.9327307,-2264.7944,-22.647943,false
HDFCLIFE,396.7,2018-11-30 05:30:00.0,536.75,2019-09-03 05:30:00.0,25.207966,3530.376,35.30376,false
HDFCLIFE,520.05,2020-05-08 05:30:00.0,646.05,2020-11-19 05:30:00.0,19.22892,2422.8438,24.228437,false
HAVELLS,273.9,2015-02-27 05:30:00.0,332.2,2016-04-29 05:30:00.0,36.509674,2128.5156,21.285158,false
HAVELLS,359.55,2017-01-05 05:30:00.0,496.5,2017-05-18 05:30:00.0,27.812544,3808.9277,38.08928,false
HAVELLS,685.8,2019-10-17 05:30:00.0,498.5,2020-03-23 05:30:00.0,14.581511,-2731.1172,-27.311172,false
HAVELLS,540.35,2020-06-01 05:30:00.0,659.05,2020-09-25 05:30:00.0,18.506525,2196.7256,21.967257,false
HEROMOTOCO,2580.75,2015-05-19 05:30:00.0,3317.3,2016-08-10 05:30:00.0,3.8748426,2854.0156,28.540155,false
HEROMOTOCO,3132.65,2017-01-17 05:30:00.0,3791.15,2017-09-22 05:30:00.0,3.1921856,2102.0547,21.020546,false
HEROMOTOCO,3687.85,2018-01-30 05:30:00.0,2763.5,2018-10-04 05:30:00.0,2.711607,-2506.474,-25.064741,false
HEROMOTOCO,3076.0,2018-11-26 05:30:00.0,2380.15,2019-07-08 05:30:00.0,3.2509754,-2262.1914,-22.621914,false
HEROMOTOCO,2587.9,2019-08-08 05:30:00.0,1975.45,2020-03-02 05:30:00.0,3.8641372,-2366.5903,-23.665903,false
HEROMOTOCO,2166.7,2020-04-30 05:30:00.0,2611.85,2020-07-14 05:30:00.0,4.6153135,2054.5068,20.545069,false
HINDALCO,157.05,2014-12-29 05:30:00.0,121.95,2015-06-03 05:30:00.0,63.67399,-2234.9575,-22.349575,false
HINDALCO,88.65,2015-10-12 05:30:00.0,67.6,2016-01-20 05:30:00.0,112.803154,-2374.5068,-23.74507,false
HINDALCO,74.95,2016-03-02 05:30:00.0,98.4,2016-04-25 05:30:00.0,133.42229,3128.753,31.287529,false
HINDALCO,237.8,2018-04-13 05:30:00.0,184.55,2019-02-18 05:30:00.0,42.052143,-2239.2769,-22.392769,false
HINDALCO,207.15,2019-03-20 05:30:00.0,155.9,2020-02-28 05:30:00.0,48.2742,-2474.0522,-24.740522,false
HINDALCO,129.5,2020-05-21 05:30:00.0,159.9,2020-07-22 05:30:00.0,77.22008,2347.4902,23.474903,false
HINDPETRO,769.4,2016-03-29 05:30:00.0,1206.0,2016-08-04 05:30:00.0,12.99714,5674.551,56.745506,false
HINDPETRO,450.0,2017-01-02 05:30:00.0,546.15,2017-02-14 05:30:00.0,22.222221,2136.667,21.36667,false
HINDPETRO,521.75,2017-03-23 05:30:00.0,340.4,2017-07-11 05:30:00.0,19.166267,-3475.8027,-34.75803,false
HINDPETRO,466.2,2017-08-24 05:30:00.0,357.8,2018-03-07 05:30:00.0,21.450022,-2325.1826,-23.251827,false
HINDPETRO,322.1,2018-06-18 05:30:00.0,250.25,2018-09-04 05:30:00.0,31.046259,-2230.6738,-22.306738,false
HINDPETRO,241.3,2018-11-09 05:30:00.0,308.1,2019-06-06 05:30:00.0,41.44219,2768.3389,27.683388,false
HINDPETRO,217.7,2020-04-17 05:30:00.0,168.6,2020-10-14 05:30:00.0,45.934772,-2255.397,-22.55397,false
HINDUNILVR,575.25,2014-01-27 05:30:00.0,736.15,2014-10-01 05:30:00.0,17.383747,2797.045,27.970448,false
HINDUNILVR,811.95,2015-11-24 05:30:00.0,1152.8,2017-08-11 05:30:00.0,12.31603,4197.92,41.9792,false
HINDZINC,148.35,2015-10-07 05:30:00.0,162.2,2016-04-06 05:30:00.0,67.40816,933.60156,9.336015,false
HINDZINC,260.35,2017-06-28 05:30:00.0,315.15,2017-10-24 05:30:00.0,38.409832,2104.8584,21.048584,false
HINDZINC,285.3,2018-08-06 05:30:00.0,220.05,2019-07-19 05:30:00.0,35.050827,-2287.0664,-22.870663,false
HINDZINC,216.4,2019-10-18 05:30:00.0,167.7,2020-03-02 05:30:00.0,46.210724,-2250.462,-22.50462,false
HINDZINC,174.1,2020-04-16 05:30:00.0,243.15,2020-08-10 05:30:00.0,57.43825,3966.1104,39.661102,false
HDFC,810.25,2014-02-24 05:30:00.0,977.55,2014-07-15 05:30:00.0,12.341869,2064.794,20.64794,false
HDFC,1218.95,2015-11-24 05:30:00.0,1482.6,2017-04-06 05:30:00.0,8.203782,2162.9268,21.629267,false
HDFC,1824.7,2018-11-13 05:30:00.0,2186.9,2019-07-22 05:30:00.0,5.480353,1984.9834,19.849834,false
HDFC,1737.7,2020-06-01 05:30:00.0,2191.35,2020-11-25 05:30:00.0,5.7547336,2610.6357,26.106358,false
ICICIBANK,349.05,2015-03-02 05:30:00.0,269.95,2015-08-24 05:30:00.0,28.64919,-2266.1504,-22.661503,false
ICICIBANK,287.6,2015-10-12 05:30:00.0,223.1,2016-01-18 05:30:00.0,34.770515,-2242.6978,-22.42698,false
ICICIBANK,226.4,2016-03-16 05:30:00.0,275.35,2016-11-01 05:30:00.0,44.169613,2162.1035,21.621035,false
ICICIBANK,292.05,2018-05-23 05:30:00.0,352.05,2018-11-22 05:30:00.0,34.240715,2054.4434,20.544434,false
ICICIBANK,356.85,2020-06-03 05:30:00.0,468.25,2020-11-23 05:30:00.0,28.022978,3121.7598,31.217596,false
ICICIGI,738.75,2018-07-17 05:30:00.0,947.15,2019-03-14 05:30:00.0,13.536379,2820.9814,28.209816,false
ICICIPRULI,395.3,2017-12-19 05:30:00.0,308.2,2018-12-06 05:30:00.0,25.297243,-2203.3892,-22.033892,false
ICICIPRULI,327.9,2018-12-28 05:30:00.0,422.0,2019-09-11 05:30:00.0,30.497103,2869.7773,28.697775,false
ICICIPRULI,397.95,2020-05-07 05:30:00.0,480.15,2020-12-15 05:30:00.0,25.128784,2065.586,20.655859,false
ITC,322.6,2014-01-10 05:30:00.0,244.9,2016-07-04 05:30:00.0,30.99814,-2408.5557,-24.085556,false
ITC,249.05,2016-11-04 05:30:00.0,306.0,2017-06-09 05:30:00.0,40.15258,2286.6895,22.866894,false
ITC,266.25,2017-12-11 05:30:00.0,207.6,2020-02-03 05:30:00.0,37.558685,-2202.817,-22.02817,false
IOC,212.05,2013-11-03 05:30:00.0,253.1,2014-03-20 05:30:00.0,47.158688,1935.8643,19.358643,false
IOC,343.2,2015-02-19 05:30:00.0,431.35,2015-07-31 05:30:00.0,29.137527,2568.4727,25.684727,false
IOC,400.0,2016-03-30 05:30:00.0,539.0,2016-08-10 05:30:00.0,25.0,3475.0,34.75,false
IOC,345.25,2017-01-03 05:30:00.0,421.9,2017-04-24 05:30:00.0,28.964518,2220.13,22.201298,false
IOC,404.85,2017-12-08 05:30:00.0,192.05,2018-03-15 05:30:00.0,24.700506,-5256.2676,-52.562675,false
IOC,173.9,2018-06-18 05:30:00.0,118.05,2018-10-05 05:30:00.0,57.504314,-3211.6157,-32.116158,false
IOC,146.65,2018-11-15 05:30:00.0,113.65,2020-01-22 05:30:00.0,68.18957,-2250.2554,-22.502554,false
IGL,416.05,2015-06-26 05:30:00.0,558.65,2016-01-14 05:30:00.0,24.035574,3427.4736,34.27474,false
IGL,303.5,2018-04-09 05:30:00.0,235.35,2018-10-04 05:30:00.0,32.94893,-2245.4692,-22.454693,false
IGL,267.3,2018-10-31 05:30:00.0,323.95,2019-06-21 05:30:00.0,37.41115,2119.3428,21.193428,false
INDUSINDBK,413.65,2013-10-18 05:30:00.0,542.75,2014-05-29 05:30:00.0,24.175028,3120.996,31.209963,false
INDUSINDBK,1660.55,2018-11-29 05:30:00.0,1282.25,2019-09-19 05:30:00.0,6.022101,-2278.1611,-22.78161,false
INDUSINDBK,1419.6,2019-09-20 05:30:00.0,1104.05,2020-02-28 05:30:00.0,7.044238,-2222.8086,-22.228086,false
INDUSINDBK,555.1,2020-09-28 05:30:00.0,787.95,2020-11-11 05:30:00.0,18.014772,4194.74,41.947403,false
NAUKRI,818.1,2015-05-21 05:30:00.0,1019.2,2017-06-13 05:30:00.0,12.223445,2458.1348,24.581347,false
INFY,3193.35,2014-06-11 05:30:00.0,2126.6,2014-12-02 05:30:00.0,3.1315076,-3340.5356,-33.405357,false
INFY,2202.15,2015-03-27 05:30:00.0,990.45,2015-06-15 05:30:00.0,4.541017,-5502.3496,-55.023495,false
INFY,1111.95,2015-10-19 05:30:00.0,737.15,2018-09-04 05:30:00.0,8.993211,-3370.6543,-33.706543,false
INFY,697.75,2018-12-13 05:30:00.0,534.3,2020-03-18 05:30:00.0,14.33178,-2342.5298,-23.425299,false
INFY,715.5,2020-04-30 05:30:00.0,928.6,2020-08-31 05:30:00.0,13.97624,2978.336,29.78336,false
INDIGO,921.35,2016-09-23 05:30:00.0,1111.9,2017-04-21 05:30:00.0,10.853639,2068.1611,20.68161,false
INDIGO,925.4,2018-11-01 05:30:00.0,1113.75,2019-01-07 05:30:00.0,10.806138,2035.3359,20.35336,false
INDIGO,1424.15,2020-01-13 05:30:00.0,1018.4,2020-03-12 05:30:00.0,7.0217323,-2849.0674,-28.490675,false
INDIGO,1023.2,2020-06-03 05:30:00.0,1229.35,2020-09-07 05:30:00.0,9.77326,2014.7568,20.14757,false
JSWSTEEL,985.55,2015-04-23 05:30:00.0,1268.7,2016-05-13 05:30:00.0,10.146619,2873.0146,28.730146,false
JSWSTEEL,188.2,2017-03-31 05:30:00.0,246.95,2017-09-22 05:30:00.0,53.134964,3121.6787,31.216787,false
JSWSTEEL,287.8,2019-02-25 05:30:00.0,217.7,2019-08-05 05:30:00.0,34.746353,-2435.7192,-24.357193,false
JSWSTEEL,243.7,2019-09-23 05:30:00.0,186.0,2020-03-16 05:30:00.0,41.034058,-2367.665,-23.67665,false
JSWSTEEL,184.8,2020-05-27 05:30:00.0,269.8,2020-08-31 05:30:00.0,54.112553,4599.5664,45.995663,false
KOTAKBANK,665.2,2015-10-23 05:30:00.0,948.35,2017-06-29 05:30:00.0,15.033072,4256.6143,42.566143,false
KOTAKBANK,1342.9,2020-06-02 05:30:00.0,1862.45,2020-11-25 05:30:00.0,7.446571,3868.8652,38.688652,false
LT,1032.95,2014-01-23 05:30:00.0,1259.9,2014-04-16 05:30:00.0,9.681011,2197.1064,21.971064,false
LT,1207.1,2016-03-03 05:30:00.0,1460.55,2016-06-14 05:30:00.0,8.284318,2099.6611,20.99661,false
LT,1412.35,2017-01-11 05:30:00.0,1709.6,2017-05-08 05:30:00.0,7.080398,2104.6484,21.046484,false
LT,1204.2,2017-10-25 05:30:00.0,1498.75,2019-06-17 05:30:00.0,8.304269,2446.0225,24.460224,false
LT,1359.2,2020-01-24 05:30:00.0,1016.55,2020-03-12 05:30:00.0,7.3572693,-2520.9678,-25.209679,false
LT,905.5,2020-05-28 05:30:00.0,1113.75,2020-12-02 05:30:00.0,11.043622,2299.834,22.99834,false
LUPIN,1802.85,2016-02-05 05:30:00.0,1401.55,2016-03-29 05:30:00.0,5.5467734,-2225.9194,-22.259193,false
LUPIN,1638.15,2016-05-18 05:30:00.0,1264.9,2017-05-03 05:30:00.0,6.104447,-2278.4849,-22.78485,false
LUPIN,1027.5,2017-10-04 05:30:00.0,800.9,2018-02-06 05:30:00.0,9.73236,-2205.3525,-22.053526,false
LUPIN,811.85,2018-04-23 05:30:00.0,629.8,2020-03-02 05:30:00.0,12.317547,-2242.4092,-22.424091,false
LUPIN,700.05,2020-04-07 05:30:00.0,835.3,2020-04-30 05:30:00.0,14.284695,1932.0049,19.32005,false
M&M,1249.9,2015-02-19 05:30:00.0,742.2,2017-12-21 05:30:00.0,8.00064,-4061.9248,-40.619247,false
M&M,746.5,2018-03-26 05:30:00.0,947.8,2018-09-03 05:30:00.0,13.395847,2696.584,26.965841,false
M&M,782.65,2018-12-19 05:30:00.0,609.65,2019-05-15 05:30:00.0,12.777103,-2210.4385,-22.104383,false
M&M,665.45,2019-05-24 05:30:00.0,518.3,2019-08-07 05:30:00.0,15.027425,-2211.2861,-22.112862,false
M&M,566.95,2019-09-26 05:30:00.0,423.35,2020-03-12 05:30:00.0,17.638239,-2532.8516,-25.328516,false
M&M,413.05,2020-05-13 05:30:00.0,498.95,2020-07-01 05:30:00.0,24.210144,2079.6514,20.796515,false
MARICO,215.45,2014-02-14 05:30:00.0,279.4,2014-09-24 05:30:00.0,46.414482,2968.206,29.68206,false
MARICO,401.95,2015-11-17 05:30:00.0,221.2,2015-12-22 05:30:00.0,24.878716,-4496.828,-44.96828,false
MARICO,246.05,2016-03-11 05:30:00.0,302.65,2017-05-09 05:30:00.0,40.642147,2300.3457,23.003456,false
MARICO,313.65,2018-01-16 05:30:00.0,380.5,2018-12-20 05:30:00.0,31.882673,2131.3574,21.313576,false
MARICO,303.15,2020-04-15 05:30:00.0,367.35,2020-09-08 05:30:00.0,32.98697,2117.7646,21.177649,false
MARUTI,3731.6,2016-04-13 05:30:00.0,5704.85,2016-11-04 05:30:00.0,2.6798155,5287.9463,52.879463,false
MARUTI,7647.6,2018-11-27 05:30:00.0,5945.45,2019-07-09 05:30:00.0,1.3075998,-2225.7305,-22.257305,false
MARUTI,6254.35,2019-08-23 05:30:00.0,4819.55,2020-03-19 05:30:00.0,1.5988872,-2294.0835,-22.940834,false
MARUTI,5246.15,2020-05-26 05:30:00.0,6839.95,2020-08-31 05:30:00.0,1.9061598,3038.038,30.38038,false
MOTHERSUMI,220.85,2014-02-25 05:30:00.0,266.55,2014-05-15 05:30:00.0,45.279602,2069.2773,20.692774,false
MOTHERSUMI,284.2,2015-11-09 05:30:00.0,220.9,2016-02-11 05:30:00.0,35.186485,-2227.3057,-22.273056,false
MOTHERSUMI,254.05,2016-03-21 05:30:00.0,329.4,2016-08-03 05:30:00.0,39.36233,2965.9521,29.659521,false
MOTHERSUMI,341.05,2017-09-19 05:30:00.0,254.25,2018-09-24 05:30:00.0,29.321215,-2545.081,-25.450811,false
MOTHERSUMI,159.2,2019-02-25 05:30:00.0,122.2,2019-05-13 05:30:00.0,62.81407,-2324.1206,-23.241207,false
MOTHERSUMI,113.65,2019-09-20 05:30:00.0,141.05,2020-01-06 05:30:00.0,87.98944,2410.9111,24.109112,false
MOTHERSUMI,84.35,2020-05-13 05:30:00.0,119.35,2020-08-20 05:30:00.0,118.55365,4149.378,41.49378,false
MUTHOOTFIN,100.15,2013-10-23 05:30:00.0,132.55,2014-01-16 05:30:00.0,99.85022,3235.1465,32.351467,false
MUTHOOTFIN,180.4,2015-10-08 05:30:00.0,255.55,2016-06-09 05:30:00.0,55.432373,4165.743,41.657433,false
MUTHOOTFIN,413.65,2018-04-02 05:30:00.0,495.45,2019-01-29 05:30:00.0,24.175028,1977.5176,19.775175,false
NHPC,18.7,2013-12-20 05:30:00.0,24.75,2014-05-27 05:30:00.0,534.75934,3235.294,32.35294,false
NHPC,20.95,2014-11-17 05:30:00.0,16.05,2015-08-24 05:30:00.0,477.32697,-2338.9023,-23.389023,false
NHPC,17.5,2015-10-12 05:30:00.0,20.6,2016-01-07 05:30:00.0,571.4286,1771.4287,17.714287,false
NHPC,28.75,2017-10-30 05:30:00.0,22.1,2019-05-13 05:30:00.0,347.82608,-2313.0435,-23.130434,false
NHPC,24.15,2019-07-09 05:30:00.0,18.2,2020-03-17 05:30:00.0,414.07867,-2463.7676,-24.637674,false
NMDC,141.05,2015-02-06 05:30:00.0,105.25,2015-07-28 05:30:00.0,70.89684,-2538.1074,-25.381075,false
NMDC,100.55,2015-10-15 05:30:00.0,76.65,2016-01-21 05:30:00.0,99.453,-2376.9272,-23.769272,false
NMDC,89.75,2016-02-15 05:30:00.0,110.8,2016-09-09 05:30:00.0,111.420616,2345.4043,23.454044,false
NMDC,119.45,2017-07-12 05:30:00.0,148.35,2018-01-16 05:30:00.0,83.71704,2419.4238,24.194237,false
NMDC,114.35,2018-08-07 05:30:00.0,86.35,2019-08-21 05:30:00.0,87.45081,-2448.6226,-24.486225,false
NMDC,97.4,2019-10-03 05:30:00.0,121.8,2020-01-08 05:30:00.0,102.6694,2505.1338,25.051338,false
NMDC,78.95,2020-05-28 05:30:00.0,97.15,2020-08-31 05:30:00.0,126.66245,2305.2578,23.052578,false
NTPC,124.55,2014-04-21 05:30:00.0,154.15,2014-05-27 05:30:00.0,80.28904,2376.5547,23.765547,false
NTPC,142.1,2015-02-12 05:30:00.0,172.5,2018-01-12 05:30:00.0,70.37297,2139.338,21.393377,false
NTPC,170.35,2018-03-21 05:30:00.0,132.05,2019-02-08 05:30:00.0,58.702667,-2248.3125,-22.483126,false
NTPC,143.0,2019-03-01 05:30:00.0,110.0,2019-12-10 05:30:00.0,69.93007,-2307.6924,-23.076923,false
NTPC,119.05,2019-12-31 05:30:00.0,90.8,2020-03-16 05:30:00.0,83.99832,-2372.9521,-23.729523,false
NESTLEIND,5028.75,2014-03-31 05:30:00.0,6146.1,2014-09-16 05:30:00.0,1.9885658,2221.9248,22.219248,false
NESTLEIND,6331.2,2015-07-30 05:30:00.0,7680.65,2018-01-19 05:30:00.0,1.5794793,2131.4277,21.314278,false
ONGC,281.1,2013-10-17 05:30:00.0,400.1,2014-05-20 05:30:00.0,35.574528,4233.369,42.33369,false
ONGC,359.45,2015-02-03 05:30:00.0,271.5,2015-07-27 05:30:00.0,27.82028,-2446.794,-24.46794,false
ONGC,257.75,2015-10-07 05:30:00.0,193.25,2016-02-12 05:30:00.0,38.797283,-2502.4248,-25.024248,false
ONGC,216.65,2016-03-21 05:30:00.0,277.25,2016-11-02 05:30:00.0,46.1574,2797.1387,27.971388,false
ONGC,192.4,2017-05-02 05:30:00.0,147.05,2018-10-05 05:30:00.0,51.97505,-2357.0684,-23.570684,false
ONGC,146.7,2019-02-06 05:30:00.0,108.95,2020-01-31 05:30:00.0,68.16633,-2573.2788,-25.732788,false
ONGC,77.15,2020-05-19 05:30:00.0,99.0,2020-12-18 05:30:00.0,129.61763,2832.1455,28.321457,false
OFSS,3029.2,2014-05-14 05:30:00.0,3449.7,2014-09-24 05:30:00.0,3.3012016,1388.1553,13.881553,false
OFSS,3321.3,2015-04-29 05:30:00.0,4071.2,2015-08-24 05:30:00.0,3.0108693,2257.8506,22.578506,false
OFSS,3516.7,2016-03-29 05:30:00.0,4260.15,2018-09-18 05:30:00.0,2.843575,2114.0557,21.140556,false
OFSS,4007.35,2018-10-01 05:30:00.0,3098.65,2019-06-21 05:30:00.0,2.4954147,-2267.5835,-22.675835,false
OFSS,3381.55,2019-07-15 05:30:00.0,2600.25,2020-03-04 05:30:00.0,2.9572237,-2310.479,-23.10479,false
OFSS,2400.95,2020-05-06 05:30:00.0,3043.55,2020-07-23 05:30:00.0,4.165018,2676.4414,26.764412,false
PAGEIND,13510.35,2016-01-01 05:30:00.0,10261.25,2016-02-12 05:30:00.0,0.7401733,-2404.897,-24.048971,false
PAGEIND,12116.9,2016-03-31 05:30:00.0,14773.3,2016-09-09 05:30:00.0,0.8252936,2192.3096,21.923096,false
PAGEIND,14006.3,2017-02-23 05:30:00.0,16891.65,2017-07-07 05:30:00.0,0.71396446,2060.038,20.600382,false
PAGEIND,24394.25,2019-02-13 05:30:00.0,18759.95,2019-07-24 05:30:00.0,0.40993267,-2309.684,-23.09684,false
PAGEIND,19352.35,2019-09-16 05:30:00.0,23706.35,2019-11-13 05:30:00.0,0.5167331,2249.8555,22.498554,false
PETRONET,124.55,2013-11-19 05:30:00.0,151.1,2014-05-26 05:30:00.0,80.28904,2131.6748,21.316748,false
PETRONET,185.15,2015-04-09 05:30:00.0,249.6,2016-01-04 05:30:00.0,54.010265,3480.963,34.809628,false
PETRONET,237.15,2017-09-19 05:30:00.0,176.95,2020-03-24 05:30:00.0,42.167404,-2538.478,-25.384779,false
PIDILITIND,555.5,2016-01-01 05:30:00.0,707.2,2016-08-10 05:30:00.0,18.0018,2730.874,27.30874,false
PIDILITIND,640.3,2017-01-13 05:30:00.0,814.1,2017-09-22 05:30:00.0,15.61768,2714.3525,27.143524,false
PEL,565.05,2013-12-20 05:30:00.0,686.85,2014-06-25 05:30:00.0,17.69755,2155.5615,21.555616,false
PEL,2663.9,2018-04-06 05:30:00.0,1893.95,2018-10-19 05:30:00.0,3.7538948,-2890.311,-28.903109,false
PEL,2277.95,2018-12-19 05:30:00.0,1741.9,2019-06-19 05:30:00.0,4.389912,-2353.212,-23.532118,false
PEL,1950.0,2019-08-27 05:30:00.0,1482.55,2019-10-07 05:30:00.0,5.1282053,-2397.1792,-23.971792,false
PEL,1758.05,2019-11-01 05:30:00.0,1338.4,2020-02-03 05:30:00.0,5.6881204,-2387.0195,-23.870195,false
PEL,1600.1,2020-02-20 05:30:00.0,1212.7,2020-03-09 05:30:00.0,6.2496095,-2421.099,-24.21099,false
PFC,128.9,2013-10-29 05:30:00.0,158.1,2013-12-11 05:30:00.0,77.57952,2265.3232,22.653233,false
PFC,271.2,2015-06-22 05:30:00.0,195.1,2015-08-24 05:30:00.0,36.873154,-2806.0474,-28.060474,false
PFC,244.1,2015-09-21 05:30:00.0,188.4,2016-01-07 05:30:00.0,40.966816,-2281.852,-22.81852,false
PFC,173.75,2016-03-21 05:30:00.0,115.75,2016-08-26 05:30:00.0,57.553955,-3338.13,-33.3813,false
PFC,125.2,2017-01-03 05:30:00.0,157.05,2017-04-17 05:30:00.0,79.87221,2543.9307,25.439306,false
PFC,126.85,2017-09-11 05:30:00.0,95.3,2018-03-07 05:30:00.0,78.83327,-2487.1895,-24.871893,false
PFC,84.5,2018-06-11 05:30:00.0,101.35,2018-11-16 05:30:00.0,118.34319,1994.082,19.94082,false
PFC,104.45,2019-10-23 05:30:00.0,127.2,2020-02-26 05:30:00.0,95.73959,2178.0762,21.780762,false
PFC,90.6,2020-06-22 05:30:00.0,117.5,2020-12-18 05:30:00.0,110.375275,2969.0947,29.690947,false
POWERGRID,99.5,2013-10-18 05:30:00.0,133.4,2014-06-13 05:30:00.0,100.50251,3407.0342,34.07034,false
POWERGRID,142.8,2015-07-22 05:30:00.0,173.4,2016-09-29 05:30:00.0,70.02801,2142.8564,21.428564,false
POWERGRID,198.55,2018-04-03 05:30:00.0,144.15,2020-03-18 05:30:00.0,50.365147,-2739.8643,-27.398643,false
PGHH,6247.3,2015-09-30 05:30:00.0,7499.8,2017-05-22 05:30:00.0,1.6006916,2004.8662,20.048662,false
PGHH,9570.35,2018-11-30 05:30:00.0,11729.15,2019-10-03 05:30:00.0,1.0448939,2255.7168,22.557169,false
PNB,495.75,2013-10-23 05:30:00.0,602.3,2014-01-07 05:30:00.0,20.171457,2149.2686,21.492685,false
PNB,166.65,2015-05-04 05:30:00.0,129.55,2015-09-02 05:30:00.0,60.006004,-2226.2222,-22.262222,false
PNB,140.15,2015-11-16 05:30:00.0,105.05,2016-01-07 05:30:00.0,71.35213,-2504.459,-25.04459,false
PNB,87.65,2016-04-01 05:30:00.0,131.15,2016-07-19 05:30:00.0,114.090126,4962.919,49.629192,false
PNB,91.7,2018-06-14 05:30:00.0,69.2,2018-09-24 05:30:00.0,109.051254,-2453.6533,-24.536533,false
PNB,72.45,2018-11-27 05:30:00.0,90.3,2019-03-25 05:30:00.0,138.02623,2463.7686,24.637686,false
PNB,63.7,2019-10-30 05:30:00.0,49.15,2020-02-26 05:30:00.0,156.98587,-2284.144,-22.84144,false
RELIANCE,929.4,2015-01-29 05:30:00.0,1263.8,2017-03-21 05:30:00.0,10.759629,3598.0195,35.980194,false
RELIANCE,920.3,2018-01-04 05:30:00.0,1241.65,2018-08-31 05:30:00.0,10.866022,3491.7969,34.91797,false
SBILIFE,672.4,2018-08-31 05:30:00.0,511.6,2018-09-28 05:30:00.0,14.8721,-2391.4336,-23.914335,false
SBILIFE,589.8,2018-12-17 05:30:00.0,771.25,2019-08-13 05:30:00.0,16.9549,3076.4668,30.76467,false
SHREECEM,10894.0,2016-02-18 05:30:00.0,12881.65,2016-05-17 05:30:00.0,0.9179365,1824.5371,18.245373,false
SHREECEM,16826.4,2018-05-28 05:30:00.0,20618.4,2019-06-06 05:30:00.0,0.5943042,2253.6006,22.536003,false
SHREECEM,19910.25,2020-05-22 05:30:00.0,23758.1,2020-12-10 05:30:00.0,0.5022539,1932.5967,19.325966,false
SRTRANSFIN,573.0,2013-10-29 05:30:00.0,732.0,2014-04-03 05:30:00.0,17.452007,2774.8691,27.748692,false
SRTRANSFIN,927.95,2015-07-02 05:30:00.0,1156.6,2016-06-02 05:30:00.0,10.776443,2464.0332,24.640331,false
SRTRANSFIN,939.45,2017-01-10 05:30:00.0,1263.4,2017-11-09 05:30:00.0,10.644526,3448.294,34.48294,false
SRTRANSFIN,1357.95,2018-08-27 05:30:00.0,1044.0,2018-10-05 05:30:00.0,7.364042,-2311.9404,-23.119404,false
SRTRANSFIN,1213.35,2018-11-01 05:30:00.0,925.35,2019-07-24 05:30:00.0,8.241645,-2373.5942,-23.735943,false
SRTRANSFIN,1034.25,2019-09-11 05:30:00.0,1276.95,2020-02-26 05:30:00.0,9.668842,2346.628,23.46628,false
SRTRANSFIN,684.4,2020-06-12 05:30:00.0,1056.5,2020-12-17 05:30:00.0,14.611338,5436.878,54.368782,false
SIEMENS,1071.85,2016-03-21 05:30:00.0,1280.6,2016-08-02 05:30:00.0,9.329664,1947.5674,19.475674,false
SIEMENS,1141.65,2017-01-05 05:30:00.0,1391.9,2017-05-12 05:30:00.0,8.759252,2192.003,21.92003,false
SIEMENS,1243.25,2017-12-21 05:30:00.0,968.25,2018-06-05 05:30:00.0,8.043434,-2211.9438,-22.119442,false
SIEMENS,1003.6,2018-08-01 05:30:00.0,1259.6,2019-07-05 05:30:00.0,9.964129,2550.8174,25.508173,false
SIEMENS,1128.25,2020-06-03 05:30:00.0,1364.25,2020-11-25 05:30:00.0,8.863284,2091.7354,20.917353,false
SBIN,1664.6,2013-10-18 05:30:00.0,2459.3,2014-05-21 05:30:00.0,6.007449,4774.12,47.7412,false
SBIN,287.45,2015-05-15 05:30:00.0,221.1,2015-09-07 05:30:00.0,34.78866,-2308.2275,-23.082275,false
SBIN,254.85,2015-10-16 05:30:00.0,196.05,2016-01-14 05:30:00.0,39.238766,-2307.2397,-23.072397,false
SBIN,195.9,2016-05-27 05:30:00.0,251.15,2016-09-21 05:30:00.0,51.046455,2820.3174,28.203175,false
SBIN,253.9,2018-05-22 05:30:00.0,304.45,2018-08-10 05:30:00.0,39.385586,1990.9424,19.909424,false
SBIN,187.8,2020-06-05 05:30:00.0,239.75,2020-11-19 05:30:00.0,53.248135,2766.2402,27.662403,false
SUNPHARMA,595.35,2013-12-02 05:30:00.0,822.3,2014-09-11 05:30:00.0,16.796843,3812.043,38.12043,false
SUNPHARMA,879.05,2015-08-13 05:30:00.0,651.5,2016-11-04 05:30:00.0,11.375917,-2588.5898,-25.885899,false
SUNPHARMA,675.15,2017-02-06 05:30:00.0,502.6,2017-05-29 05:30:00.0,14.8115225,-2555.7285,-25.557285,false
SUNPHARMA,578.25,2017-07-18 05:30:00.0,450.0,2017-08-11 05:30:00.0,17.293558,-2217.899,-22.17899,false
SUNPHARMA,524.65,2017-09-14 05:30:00.0,630.4,2018-09-11 05:30:00.0,19.060326,2015.6299,20.156298,false
SUNPHARMA,440.9,2019-02-14 05:30:00.0,324.5,2020-03-23 05:30:00.0,22.68088,-2640.0547,-26.400547,false
TCS,2549.55,2015-06-19 05:30:00.0,3103.2,2018-02-05 05:30:00.0,3.9222608,2171.5596,21.715595,false
TCS,2010.85,2018-12-04 05:30:00.0,2332.25,2020-09-24 05:30:00.0,4.9730215,1598.3291,15.983291,false
TATAMOTORS,356.45,2015-10-09 05:30:00.0,276.35,2016-02-11 05:30:00.0,28.054424,-2247.1597,-22.471598,false
TATAMOTORS,346.05,2016-03-08 05:30:00.0,444.25,2016-06-13 05:30:00.0,28.89756,2837.7412,28.377413,false
TATAMOTORS,469.55,2017-05-24 05:30:00.0,364.45,2018-02-21 05:30:00.0,21.296988,-2238.3125,-22.383125,false
TATAMOTORS,269.95,2018-09-06 05:30:00.0,184.35,2018-10-09 05:30:00.0,37.043896,-3170.9575,-31.709576,false
TATAMOTORS,179.95,2019-01-08 05:30:00.0,223.6,2019-04-24 05:30:00.0,55.57099,2425.6738,24.256737,false
TATAMOTORS,139.5,2019-10-17 05:30:00.0,172.2,2019-11-04 05:30:00.0,71.684586,2344.085,23.44085,false
TATAMOTORS,87.0,2020-05-28 05:30:00.0,106.15,2020-06-11 05:30:00.0,114.94253,2201.1494,22.011494,false
TATASTEEL,351.35,2015-04-22 05:30:00.0,269.9,2015-07-23 05:30:00.0,28.461647,-2318.2017,-23.182016,false
TATASTEEL,240.8,2015-10-08 05:30:00.0,312.3,2016-04-05 05:30:00.0,41.52824,2969.2686,29.692684,false
TATASTEEL,625.95,2018-05-15 05:30:00.0,481.25,2019-01-03 05:30:00.0,15.975717,-2311.6865,-23.116865,false
TATASTEEL,498.85,2019-02-21 05:30:00.0,381.9,2019-08-07 05:30:00.0,20.046106,-2344.392,-23.44392,false
TATASTEEL,295.5,2020-05-28 05:30:00.0,421.3,2020-09-04 05:30:00.0,33.840946,4257.1904,42.571903,false
TECHM,542.05,2015-08-04 05:30:00.0,422.05,2016-02-24 05:30:00.0,18.448483,-2213.8184,-22.138184,false
TECHM,486.75,2016-03-17 05:30:00.0,379.45,2017-05-29 05:30:00.0,20.544428,-2204.4165,-22.044167,false
TECHM,402.45,2017-08-01 05:30:00.0,584.35,2018-02-16 05:30:00.0,24.847807,4519.8154,45.198154,false
TECHM,691.15,2019-08-29 05:30:00.0,530.0,2020-03-19 05:30:00.0,14.468638,-2331.6216,-23.316216,false
TITAN,225.55,2014-02-06 05:30:00.0,321.25,2014-05-26 05:30:00.0,44.336067,4242.962,42.42962,false
TITAN,347.05,2015-08-27 05:30:00.0,423.95,2016-09-09 05:30:00.0,28.814293,2215.8203,22.158203,false
TITAN,348.15,2017-01-03 05:30:00.0,440.0,2017-02-22 05:30:00.0,28.723251,2638.2305,26.382307,false
TITAN,854.45,2018-11-01 05:30:00.0,1100.5,2019-04-03 05:30:00.0,11.703435,2879.63,28.7963,false
TITAN,958.9,2020-06-01 05:30:00.0,1306.95,2020-11-25 05:30:00.0,10.428616,3629.6787,36.296787,false
TORNTPHARM,428.4,2013-10-22 05:30:00.0,525.4,2014-01-29 05:30:00.0,23.34267,2264.2393,22.642393,false
TORNTPHARM,1418.1,2016-03-22 05:30:00.0,1683.3,2018-09-24 05:30:00.0,7.051689,1870.1084,18.701084,false
TORNTPHARM,1605.45,2019-07-16 05:30:00.0,1916.4,2020-01-28 05:30:00.0,6.2287836,1936.8408,19.368408,false
UPL,443.35,2016-01-06 05:30:00.0,570.4,2016-05-18 05:30:00.0,22.555542,2865.6816,28.656816,false
UPL,763.3,2017-12-28 05:30:00.0,581.95,2018-07-12 05:30:00.0,13.101009,-2375.8677,-23.758677,false
UPL,656.1,2018-08-06 05:30:00.0,950.3,2019-06-19 05:30:00.0,15.24158,4484.073,44.840733,false
UPL,603.95,2019-09-30 05:30:00.0,443.6,2020-03-12 05:30:00.0,16.557661,-2655.0215,-26.550215,false
UPL,387.8,2020-05-27 05:30:00.0,500.85,2020-09-02 05:30:00.0,25.78649,2915.163,29.15163,false
ULTRACEMCO,1799.95,2014-02-21 05:30:00.0,2169.7,2014-04-23 05:30:00.0,5.55571,2054.2236,20.542236,false
ULTRACEMCO,2864.15,2015-12-01 05:30:00.0,3953.7,2016-09-09 05:30:00.0,3.4914374,3804.0957,38.040955,false
ULTRACEMCO,3501.65,2017-01-18 05:30:00.0,4269.6,2017-05-22 05:30:00.0,2.8557966,2193.1094,21.931093,false
ULTRACEMCO,4103.45,2018-04-19 05:30:00.0,3166.05,2020-03-19 05:30:00.0,2.4369736,-2284.42,-22.8442,false
UBL,736.25,2014-08-04 05:30:00.0,953.45,2015-02-05 05:30:00.0,13.582343,2950.085,29.50085,false
UBL,935.95,2015-10-06 05:30:00.0,715.5,2016-05-23 05:30:00.0,10.684331,-2355.3613,-23.553612,false
UBL,758.35,2016-07-01 05:30:00.0,929.9,2016-10-17 05:30:00.0,13.186523,2262.1484,22.621485,false
UBL,778.1,2017-05-03 05:30:00.0,1086.45,2017-11-15 05:30:00.0,12.851819,3962.8584,39.628586,false
UBL,1363.9,2019-08-29 05:30:00.0,1048.7,2020-03-13 05:30:00.0,7.331916,-2311.02,-23.1102,false
MCDOWELL-N,2402.35,2014-09-17 05:30:00.0,3261.8,2015-02-02 05:30:00.0,4.1625905,3577.538,35.775383,false
MCDOWELL-N,3252.4,2015-11-02 05:30:00.0,2488.45,2016-01-29 05:30:00.0,3.0746527,-2348.8809,-23.48881,false
MCDOWELL-N,2620.1,2016-03-21 05:30:00.0,2016.15,2016-11-07 05:30:00.0,3.816648,-2305.065,-23.05065,false
MCDOWELL-N,2085.15,2017-01-17 05:30:00.0,2641.65,2017-07-24 05:30:00.0,4.7958183,2668.873,26.688732,false
MCDOWELL-N,576.8,2018-10-31 05:30:00.0,687.95,2020-02-26 05:30:00.0,17.337032,1927.0117,19.270117,false
VEDL,219.05,2015-02-19 05:30:00.0,170.55,2015-07-03 05:30:00.0,45.651676,-2214.1064,-22.141064,false
VEDL,110.9,2015-10-12 05:30:00.0,82.25,2015-12-09 05:30:00.0,90.171326,-2583.4087,-25.834087,false
VEDL,78.15,2016-03-02 05:30:00.0,102.0,2016-04-25 05:30:00.0,127.95905,3051.8232,30.51823,false
VEDL,223.6,2018-09-12 05:30:00.0,162.15,2019-02-01 05:30:00.0,44.722717,-2748.2114,-27.482115,false
VEDL,178.05,2019-03-28 05:30:00.0,136.65,2019-08-07 05:30:00.0,56.163998,-2325.19,-23.2519,false
VEDL,158.95,2019-09-20 05:30:00.0,114.0,2020-02-28 05:30:00.0,62.91287,-2827.933,-28.279331,false
VEDL,92.95,2020-05-15 05:30:00.0,125.95,2020-09-04 05:30:00.0,107.584724,3550.296,35.50296,false
WIPRO,565.4,2015-06-24 05:30:00.0,438.4,2016-11-17 05:30:00.0,17.686592,-2246.1982,-22.461983,false
WIPRO,466.3,2016-12-14 05:30:00.0,259.0,2017-06-13 05:30:00.0,21.445421,-4445.6357,-44.456356,false
WIPRO,299.1,2017-08-31 05:30:00.0,363.45,2019-02-19 05:30:00.0,33.43363,2151.455,21.514551,false
WIPRO,285.3,2019-06-25 05:30:00.0,221.45,2020-02-28 05:30:00.0,35.050827,-2237.9956,-22.379953,false
WIPRO,201.25,2020-05-27 05:30:00.0,350.45,2020-10-14 05:30:00.0,49.68944,7413.666,74.136665,false
ZEEL,336.6,2015-06-05 05:30:00.0,408.65,2015-10-30 05:30:00.0,29.708853,2140.5225,21.405226,false
ZEEL,394.65,2016-04-11 05:30:00.0,554.9,2016-10-06 05:30:00.0,25.33891,4060.5615,40.605618,false
ZEEL,458.85,2018-11-22 05:30:00.0,318.4,2019-01-25 05:30:00.0,21.793613,-3060.9136,-30.609135,false
ZEEL,446.45,2019-02-19 05:30:00.0,331.6,2019-05-08 05:30:00.0,22.398924,-2572.5166,-25.725166,false
ZEEL,360.1,2019-07-18 05:30:00.0,271.6,2019-09-23 05:30:00.0,27.770063,-2457.6504,-24.576504,false
ZEEL,309.5,2019-11-01 05:30:00.0,226.65,2020-02-05 05:30:00.0,32.310177,-2676.8984,-26.768984,false
ZEEL,165.2,2020-05-26 05:30:00.0,203.55,2020-08-31 05:30:00.0,60.53269,2321.4287,23.214287,false
